architecture,accuracy,latency_ms
|none~0|+|none~0|skip_connect~1|+|skip_connect~0|skip_connect~1|none~2|,86.7967,1.1330
|none~0|+|none~0|skip_connect~1|+|skip_connect~0|skip_connect~1|none~2|,86.7967,1.1330
|nor_conv_3x3~0|+|nor_conv_3x3~0|nor_conv_3x3~1|+|skip_connect~0|nor_conv_1x1~1|nor_conv_3x3~2|,94.3733,6.6786
|nor_conv_3x3~0|+|nor_conv_3x3~0|nor_conv_3x3~1|+|skip_connect~0|nor_conv_1x1~1|nor_conv_3x3~2|,94.3733,6.6786
|none~0|+|skip_connect~0|none~1|+|skip_connect~0|avg_pool_3x3~1|none~2|,87.0000,1.5426
|skip_connect~0|+|skip_connect~0|skip_connect~1|+|nor_conv_1x1~0|skip_connect~1|none~2|,89.8750,1.6482
|none~0|+|skip_connect~0|none~1|+|none~0|skip_connect~1|nor_conv_3x3~2|,92.3667,2.3906
|skip_connect~0|+|nor_conv_3x3~0|none~1|+|skip_connect~0|none~1|nor_conv_1x1~2|,93.3567,2.9058
|none~0|+|nor_conv_1x1~0|none~1|+|skip_connect~0|none~1|nor_conv_1x1~2|,90.8300,2.1634
|nor_conv_3x3~0|+|none~0|nor_conv_3x3~1|+|skip_connect~0|none~1|nor_conv_1x1~2|,94.1300,4.1634
|nor_conv_1x1~0|+|skip_connect~0|none~1|+|skip_connect~0|avg_pool_3x3~1|none~2|,89.9100,2.0578
|nor_conv_3x3~0|+|nor_conv_1x1~0|nor_conv_3x3~1|+|skip_connect~0|nor_conv_1x1~1|nor_conv_1x1~2|,94.3067,5.1938
|none~0|+|skip_connect~0|none~1|+|none~0|skip_connect~1|nor_conv_3x3~2|,92.3667,2.3906
|none~0|+|nor_conv_1x1~0|none~1|+|skip_connect~0|none~1|nor_conv_1x1~2|,90.8300,2.1634
|nor_conv_3x3~0|+|nor_conv_1x1~0|nor_conv_3x3~1|+|skip_connect~0|nor_conv_1x1~1|nor_conv_1x1~2|,94.3067,5.1938
|nor_conv_3x3~0|+|nor_conv_1x1~0|nor_conv_3x3~1|+|skip_connect~0|nor_conv_3x3~1|nor_conv_1x1~2|,94.3433,5.9362
|nor_conv_3x3~0|+|nor_conv_1x1~0|nor_conv_3x3~1|+|skip_connect~0|nor_conv_3x3~1|nor_conv_1x1~2|,94.3433,5.9362
|skip_connect~0|+|nor_conv_3x3~0|nor_conv_1x1~1|+|skip_connect~0|none~1|nor_conv_1x1~2|,93.5967,3.4210
|nor_conv_3x3~0|+|none~0|nor_conv_3x3~1|+|skip_connect~0|none~1|skip_connect~2|,93.9100,3.6482
|skip_connect~0|+|nor_conv_3x3~0|none~1|+|skip_connect~0|none~1|nor_conv_1x1~2|,93.3567,2.9058
|nor_conv_3x3~0|+|none~0|nor_conv_3x3~1|+|skip_connect~0|none~1|nor_conv_1x1~2|,94.1300,4.1634
|skip_connect~0|+|nor_conv_3x3~0|nor_conv_1x1~1|+|skip_connect~0|none~1|nor_conv_1x1~2|,93.5967,3.4210
|nor_conv_3x3~0|+|none~0|nor_conv_3x3~1|+|skip_connect~0|none~1|skip_connect~2|,93.9100,3.6482
|none~0|+|skip_connect~0|none~1|+|skip_connect~0|avg_pool_3x3~1|none~2|,87.0000,1.5426
|skip_connect~0|+|skip_connect~0|skip_connect~1|+|nor_conv_1x1~0|skip_connect~1|none~2|,89.8750,1.6482
|nor_conv_1x1~0|+|skip_connect~0|none~1|+|skip_connect~0|avg_pool_3x3~1|none~2|,89.9100,2.0578
|none~0|+|none~0|skip_connect~1|+|skip_connect~0|skip_connect~1|none~2|,86.7967,1.1330
|none~0|+|none~0|skip_connect~1|+|skip_connect~0|skip_connect~1|none~2|,86.7967,1.1330
|none~0|+|none~0|skip_connect~1|+|skip_connect~0|skip_connect~1|none~2|,86.7967,1.1330
|none~0|+|none~0|skip_connect~1|+|skip_connect~0|skip_connect~1|none~2|,86.7967,1.1330
|none~0|+|none~0|skip_connect~1|+|skip_connect~0|skip_connect~1|none~2|,86.7967,1.1330
|none~0|+|none~0|skip_connect~1|+|skip_connect~0|skip_connect~1|none~2|,86.7967,1.1330
|none~0|+|none~0|skip_connect~1|+|skip_connect~0|skip_connect~1|none~2|,86.7967,1.1330
|none~0|+|none~0|skip_connect~1|+|skip_connect~0|skip_connect~1|none~2|,86.7967,1.1330
|none~0|+|none~0|skip_connect~1|+|skip_connect~0|skip_connect~1|none~2|,86.7967,1.1330
|none~0|+|none~0|skip_connect~1|+|skip_connect~0|skip_connect~1|none~2|,86.7967,1.1330
|none~0|+|none~0|skip_connect~1|+|skip_connect~0|skip_connect~1|none~2|,86.7967,1.1330
|none~0|+|none~0|skip_connect~1|+|skip_connect~0|skip_connect~1|none~2|,86.7967,1.1330
|none~0|+|none~0|skip_connect~1|+|skip_connect~0|skip_connect~1|none~2|,86.7967,1.1330
|none~0|+|none~0|skip_connect~1|+|skip_connect~0|skip_connect~1|none~2|,86.7967,1.1330
|none~0|+|none~0|skip_connect~1|+|skip_connect~0|skip_connect~1|none~2|,86.7967,1.1330
|none~0|+|none~0|skip_connect~1|+|skip_connect~0|skip_connect~1|none~2|,86.7967,1.1330
|none~0|+|none~0|skip_connect~1|+|skip_connect~0|skip_connect~1|none~2|,86.7967,1.1330
|none~0|+|none~0|skip_connect~1|+|skip_connect~0|skip_connect~1|none~2|,86.7967,1.1330
|none~0|+|none~0|skip_connect~1|+|skip_connect~0|skip_connect~1|none~2|,86.7967,1.1330
|none~0|+|none~0|skip_connect~1|+|skip_connect~0|skip_connect~1|none~2|,86.7967,1.1330
|none~0|+|none~0|skip_connect~1|+|skip_connect~0|skip_connect~1|none~2|,86.7967,1.1330
|none~0|+|none~0|skip_connect~1|+|skip_connect~0|skip_connect~1|none~2|,86.7967,1.1330
|none~0|+|none~0|skip_connect~1|+|skip_connect~0|skip_connect~1|none~2|,86.7967,1.1330
|none~0|+|none~0|skip_connect~1|+|skip_connect~0|skip_connect~1|none~2|,86.7967,1.1330
